{
    "2": {
        "1": 0.9999921026977695,
        "2": -0.98320384
    },
    "3": {
        "1": -0.5824,
        "2": 0.9999634384155994,
        "3": -0.784
    },
    "4": {
        "1": 0.4,
        "2": -0.15999999999999992,
        "3": 0.9998307334055526
    },
    "5": {
        "1": -0.7787318117344055,
        "2": -0.09862202633201789,
        "3": -0.8330106726614791
    },
    "6": {
        "1": 0.8889669553933914,
        "2": -0.5591296,
        "3": -0.16454143999999993
    },
    "7": {
        "1": -0.019368908871596965,
        "2": 0.8304370237440001,
        "3": 0
    },
    "9": {
        "1": 0.04642442251521578,
        "2": -0.4233734329164603,
        "3": -0.16941393329399568
    }
}