{
    "2": {
        "1": 0.999999982809292,
        "2": -0.9998307334055526
    },
    "3": {
        "1": -0.886242304,
        "2": 0.99999997134882,
        "3": -0.989922304
    },
    "4": {
        "1": 0.5999999522480334,
        "2": -0.49200640000000007,
        "3": 0.9999999999775477
    },
    "5": {
        "1": -0.708416782336,
        "2": -0.7445887994903692,
        "3": -0.603136
    },
    "6": {
        "1": 0.899999909062103,
        "2": -0.928502806554793,
        "3": 0.06362197120432622
    },
    "7": {
        "1": 0.1029580703231387,
        "2": 0.8999998411402065,
        "3": -0.49161437959532117
    },
    "8": {
        "1": -0.15826495149309014,
        "2": -0.013087018170103881,
        "3": 0.8999998503371343
    }
}