{
    "2": {
        "1": 0.9999999204133889,
        "2": -0.9978232176640001
    },
    "3": {
        "1": -0.4297984,
        "2": 0.9999999991979504,
        "3": -0.98320384
    },
    "4": {
        "1": -0.7919354415976284,
        "2": -0.013342858215424025,
        "3": 0.9999999896855752
    },
    "5": {
        "1": -0.9222400000000001,
        "2": -0.91104256,
        "3": -0.886242304
    },
    "6": {
        "1": 0.899999894570931,
        "2": -0.92410626865118,
        "3": -0.19566149204053274
    },
    "7": {
        "1": -0.016108686631807922,
        "2": 0.8999993588133526,
        "3": -0.679746843028803
    },
    "8": {
        "1": 0.28610976108111497,
        "2": -0.15254947946615793,
        "3": 0.8999991509966577
    }
}