{
    "2": {
        "1": 0.9998984400433316,
        "2": -0.8704000000000001
    },
    "3": {
        "1": 0.30799360000000003,
        "2": 0.99637202944,
        "3": -0.9720064
    },
    "4": {
        "1": 0.15999999999999992,
        "2": -0.603136,
        "3": 0.9998307334055526
    },
    "5": {
        "1": -0.940728785223821,
        "2": -0.05626325316508907,
        "3": 0.2839637906763362
    },
    "6": {
        "1": 0.8831923751400506,
        "2": -0.8704000000000001,
        "3": -0.21760000000000002
    },
    "7": {
        "1": -0.0685894598417286,
        "2": 0.862912890422585,
        "3": -0.4
    },
    "9": {
        "1": 0.3856435986217338,
        "2": -0.3957839192766558,
        "3": 0.04135074334772601
    }
}